PLAYER_NAME,PLAYER_ID
Royce O'Neale,1626220
Bojan Bogdanovic,202711
Rudy Gobert,203497
Donovan Mitchell,1628378
Mike Conley,201144
Joe Ingles,204060
Ed Davis,202334
Jeff Green,201145
Dante Exum,203957
Emmanuel Mudiay,1626144
Georges Niang,1627777
Tony Bradley,1628396
Nigel Williams-Goss,1628430
Tobias Harris,202699
Al Horford,201143
Joel Embiid,203954
Furkan Korkmaz,1627788
Ben Simmons,1627732
James Ennis III,203516
Mike Scott,203118
Raul Neto,203526
Matisse Thybulle,1629680
Shake Milton,1629003
Kyle O'Quinn,203124
Norvel Pelle,203658
Kevin Knox II,1628995
Julius Randle,203944
Taj Gibson,201959
RJ Barrett,1629628
Dennis Smith Jr.,1628372
Wayne Ellington,201961
Mitchell Robinson,1629011
Damyean Dotson,1628422
Bobby Portis,1626171
Allonzo Trier,1629019
Ignas Brazdeikis,1629649
Kadeem Allen,1628443
Khris Middleton,203114
Giannis Antetokounmpo,203507
Robin Lopez,201577
Wesley Matthews,202083
Eric Bledsoe,202339
Donte DiVincenzo,1628978
Ersan Ilyasova,101141
Pat Connaughton,1626192
George Hill,201588
D.J. Wilson,1628391
Kyle Korver,2594
Dragan Bender,1627733
Thanasis Antetokounmpo,203648
Kris Dunn,1627739
Lauri Markkanen,1628374
Wendell Carter Jr.,1628976
Zach LaVine,203897
Tomas Satoransky,203107
Coby White,1629632
Thaddeus Young,201152
Ryan Arcidiacono,1627853
Denzel Valentine,1627756
Daniel Gafford,1629655
Shaquille Harrison,1627885
Luke Kornet,1628436
Max Strus,1629622
Harrison Barnes,203084
Nemanja Bjelica,202357
Richaun Holmes,1626158
Buddy Hield,1627741
Cory Joseph,202709
Bogdan Bogdanovic,203992
Justin James,1629713
Trevor Ariza,2772
Dewayne Dedmon,203473
Yogi Ferrell,1627812
Harry Giles III,1628385
Kyle Guy,1629657
Caleb Swanigan,1628403
Kelly Oubre Jr.,1626162
Dario Saric,203967
Frank Kaminsky,1626163
Devin Booker,1626164
Ricky Rubio,201937
Mikal Bridges,1628969
Ty Jerome,1629660
Cameron Johnson,1629661
Jevon Carter,1628975
Aron Baynes,203382
Tyler Johnson,204020
Elie Okobo,1629059
Miles Bridges,1628970
P.J. Washington,1629023
Bismack Biyombo,202687
Devonte' Graham,1628984
Terry Rozier,1626179
Nicolas Batum,201587
Cody Zeller,203469
Marvin Williams,101107
Malik Monk,1628370
Dwayne Bacon,1628407
Willy Hernangomez,1626195
Michael Kidd-Gilchrist,203077
T.J. Warren,203933
Domantas Sabonis,1627734
Myles Turner,1626167
Jeremy Lamb,203087
Malcolm Brogdon,1627763
Justin Holiday,203200
Aaron Holiday,1628988
T.J. McConnell,204456
Doug McDermott,203926
Goga Bitadze,1629048
Alize Johnson,1628993
TJ Leaf,1628388
Solomon Hill,203524
Jae Crowder,203109
Jaren Jackson Jr.,1628991
Dillon Brooks,1628415
Tyus Jones,1626145
De'Anthony Melton,1629001
Grayson Allen,1628960
Bruno Caboclo,203998
Marko Guduric,1629741
Kyle Anderson,203937
Brandon Clarke,1629634
Jonas Valanciunas,202685
Yuta Watanabe,1629139
Eric Paschall,1629672
Kevon Looney,1626172
Willie Cauley-Stein,1626161
Glenn Robinson III,203922
Alec Burks,202692
Ky Bowman,1629065
Marquese Chriss,1627737
Jordan Poole,1629673
Omari Spellman,1629016
Jacob Evans,1628980
Draymond Green,203110
De'Andre Hunter,1629631
Jabari Parker,203953
Damian Jones,1627745
DeAndre' Bembry,1627761
Trae Young,1629027
Vince Carter,1713
Alex Len,203458
Cam Reddish,1629629
Evan Turner,202323
Tyrone Wallace,1627820
Bruno Fernando,1628981
Brandon Goodwin,1629164
Chandler Parsons,202718
Jimmy Butler,202710
Bam Adebayo,1628389
Meyers Leonard,203086
Duncan Robinson,1629130
Kendrick Nunn,1629134
Goran Dragic,201609
Justise Winslow,1626159
Chris Silva,1629735
Tyler Herro,1629639
Kelly Olynyk,203482
Derrick Jones Jr.,1627884
Udonis Haslem,2617
James Johnson,201949
Joe Harris,203925
Taurean Prince,1627752
Jarrett Allen,1628386
Garrett Temple,202066
Spencer Dinwiddie,203915
Dzanan Musa,1629058
DeAndre Jordan,201599
Iman Shumpert,202697
David Nwaba,1628021
Theo Pinson,1629033
Nicolas Claxton,1629651
Treveon Graham,1626203
Robert Covington,203496
Karl-Anthony Towns,1626157
Jarrett Culver,1629633
Andrew Wiggins,203952
Jeff Teague,201952
Josh Okogie,1629006
Shabazz Napier,203894
Keita Bates-Diop,1628966
Gorgui Dieng,203476
Jordan Bell,1628395
Naz Reid,1629675
Noah Vonleh,203943
Dorian Finney-Smith,1627827
Kristaps Porzingis,204001
Dwight Powell,203939
Tim Hardaway Jr.,203501
Luka Doncic,1629029
Delon Wright,1626153
Seth Curry,203552
Maxi Kleber,1628467
Jalen Brunson,1628973
Justin Jackson,1628382
Boban Marjanovic,1626246
J.J. Barea,200826
Courtney Lee,201584
LeBron James,2544
Anthony Davis,203076
JaVale McGee,201580
Danny Green,201980
Kentavious Caldwell-Pope,203484
Kyle Kuzma,1628398
Alex Caruso,1627936
Rajon Rondo,200765
Troy Daniels,203584
Dwight Howard,2730
Jared Dudley,201162
Quinn Cook,1626188
DeMar DeRozan,201942
Rudy Gay,200752
Jakob Poeltl,1627751
Derrick White,1628401
Bryn Forbes,1627854
Dejounte Murray,1627749
Patty Mills,201988
Trey Lyles,1626168
Drew Eubanks,1629234
Marco Belinelli,201158
Lonnie Walker IV,1629022
DeMarre Carroll,201960
Chimezie Metu,1629002
Tony Snell,203503
Blake Griffin,201933
Andre Drummond,203083
Luke Kennard,1628379
Bruce Brown,1628971
Langston Galloway,204038
Derrick Rose,201565
Markieff Morris,202693
Svi Mykhailiuk,1629004
Christian Wood,1626174
Thon Maker,1627748
Tim Frazier,204025
Sekou Doumbouya,1629635
Terrance Ferguson,1628390
Danilo Gallinari,201568
Steven Adams,203500
Shai Gilgeous-Alexander,1628983
Chris Paul,101108
Nerlens Noel,203457
Dennis Schroder,203471
Abdel Nader,1627846
Darius Bazley,1629647
Deonte Burton,1629126
Devon Hall,1628985
Mike Muscala,203488
Jrue Holiday,201950
Brandon Ingram,1627742
Jahlil Okafor,1626143
JJ Redick,200755
Lonzo Ball,1628366
Jaxson Hayes,1629637
Josh Hart,1628404
E'Twaun Moore,202734
Nicolo Melli,1629740
Nickeil Alexander-Walker,1629638
Derrick Favors,202324
Frank Jackson,1628402
Kenrich Williams,1629026
Jonathan Isaac,1628371
Aaron Gordon,203932
Khem Birch,203920
Evan Fournier,203095
Markelle Fultz,1628365
Wes Iwundu,1628411
D.J. Augustin,201571
Mo Bamba,1628964
Terrence Ross,203082
Melvin Frazier Jr.,1628982
Amile Jefferson,1628518
Josh Magette,203705
OG Anunoby,1628384
Pascal Siakam,1627783
Marc Gasol,201188
Norman Powell,1626181
Fred VanVleet,1627832
Serge Ibaka,201586
Rondae Hollis-Jefferson,1626178
Terence Davis,1629056
Chris Boucher,1628449
Oshae Brissett,1629052
Malcolm Miller,1626259
Dewan Hernandez,1629608
Shamorie Ponds,1629044
Troy Brown Jr.,1628972
Rui Hachimura,1629060
Thomas Bryant,1628418
Bradley Beal,203078
Isaiah Thomas,202738
Davis Bertans,202722
Ish Smith,202397
Jordan McRae,203895
Isaac Bonga,1629067
Chris Chiozza,1629185
Ian Mahinmi,101133
Moritz Wagner,1629021
Kawhi Leonard,202695
Maurice Harkless,203090
Ivica Zubac,1627826
Paul George,202331
Patrick Beverley,201976
Lou Williams,101150
Montrezl Harrell,1626149
JaMychal Green,203210
Jerome Robinson,1629010
Terance Mann,1629611
Patrick Patterson,202335
Derrick Walton Jr.,1628476
Mfiondu Kabengele,1629662
Jaylen Brown,1627759
Jayson Tatum,1628369
Daniel Theis,1628464
Marcus Smart,203935
Kemba Walker,202689
Enes Kanter,202683
Grant Williams,1629684
Javonte Green,1629750
Brad Wanamaker,202954
Robert Williams III,1629057
Semi Ojeleye,1628400
Carsen Edwards,1629035
Vincent Poirier,1629738
Frank Ntilikina,1628373
Marcus Morris Sr.,202694
Allen Crabbe,203459
Ben McLemore,203463
P.J. Tucker,200782
Tyson Chandler,2199
James Harden,201935
Russell Westbrook,201566
Isaiah Hartenstein,1628392
Austin Rivers,203085
Gary Clark,1629109
Thabo Sefolosha,200757
Chris Clemons,1629598
Clint Capela,203991
Frank Mason,1628412
Will Barton,203115
Paul Millsap,200794
Nikola Jokic,203999
Gary Harris,203914
Jamal Murray,1627750
Jerami Grant,203924
Juancho Hernangomez,1627823
Monte Morris,1628420
Mason Plumlee,203486
Malik Beasley,1627736
Torrey Craig,1628470
Michael Porter Jr.,1629008
Wenyen Gabriel,1629117
Trey Burke,203504
Zhaire Smith,1629015
Miye Oni,1629671
Ja Morant,1629630
Rodney Hood,203918
Carmelo Anthony,2546
Hassan Whiteside,202355
CJ McCollum,203468
Damian Lillard,203081
Nassir Little,1629642
Anfernee Simons,1629014
Skal Labissiere,1627746
Kent Bazemore,203145
Moses Brown,1629650
Mario Hezonja,1626209
Jaylen Hoard,1629658
Anthony Tolliver,201229
Cheick Diallo,1627767
Rodney McGruder,203585
LaMarcus Aldridge,200746
Brook Lopez,201572
Cedi Osman,1626224
Kevin Love,201567
Tristan Thompson,202684
Collin Sexton,1629012
Darius Garland,1629636
Larry Nance Jr.,1626204
Kevin Porter Jr.,1629645
Jordan Clarkson,203903
Alfonzo McKinnie,1628035
Matthew Dellavedova,203521
Ante Zizic,1627790
Brandon Knight,202688
Marial Shayok,1629621
Al-Farouq Aminu,202329
Henry Ellenson,1627740
Timothe Luwawu-Cabarrot,1627789
Chandler Hutchison,1628990
D'Angelo Russell,1626156
Justin Patton,1628383
Kelan Martin,1629103
Sterling Brown,1628425
Cody Martin,1628998
Danuel House Jr.,1627863
Josh Richardson,1626196
Jonah Bolden,1628413
Juwan Morgan,1629752
BJ Johnson,1629168
Rodions Kurucs,1629066
CJ Miles,101139
Tremont Waters,1629682
Jaylen Nowell,1629669
Admiral Schofield,1629678
Justin Robinson,1629620
Deandre Ayton,1629028
Jordan Bone,1629648
Gary Trent Jr.,1629018
Keldon Johnson,1629640
Matt Thomas,1629744
Naz Mitrou-Long,1628513
Hamidou Diallo,1628977
Dean Wade,1629731
Ryan Broekhoff,1629151
DaQuan Jeffries,1629610
Stanton Kidd,1629742
Justin Wright-Foreman,1629625
Nikola Vucevic,202696
Tyler Cook,1629076
Zylan Cheatham,1629597
Josh Gray,1627982
Jake Layman,1627774
Brian Bowen II,1628968
JaKarr Sampson,203960
Michael Carter-Williams,203487
Jarred Vanderbilt,1629020
Charles Brown Jr.,1629718
Ryan Anderson,201583
Stanley Johnson,1626169
Daryl Macon,1629133
Kyrie Irving,202681
Caleb Martin,1628997
Zach Norvell Jr.,1629668
Edmond Sumner,1628410
Romeo Langford,1629641
Avery Bradley,202340
Kevin Huerter,1628989
John Collins,1628381
KZ Okpala,1629644
Jordan McLaughlin,1629162
Eric Gordon,201569
Damion Lee,1627814
Landry Shamet,1629013
Talen Horton-Tucker,1629659
Caris LeVert,1627747
Gordon Hayward,202330
John Konchar,1629723
Pau Gasol,2200
Jarrell Brantley,1629714
Kyle Lowry,200768
Khyri Thomas,1629017
De'Aaron Fox,1628368
Dion Waiters,203079
Otto Porter Jr.,203490
Michael Frazier,1626187
DeMarcus Cousins,202326
Zach Collins,1628380
Vlatko Cancar,1628427
Wilson Chandler,201163
Tacko Fall,1629605
Stephen Curry,201939
Patrick McCaw,1627775
Elfrid Payton,203901
Kostas Antetokounmpo,1628961
John Henson,203089
Garrison Mathews,1629726
Johnathan Motley,1628405
Jared Harper,1629607
PJ Dozier,1628408
Jalen McDaniels,1629667
Reggie Jackson,202704
Marvin Bagley III,1628963
Isaiah Roby,1629676
Anzejs Pasecniks,1628394
Jalen Jones,1627883
Haywood Highsmith,1629312
Christ Koumadje,1629746
Isaiah Miles,1627776
Isaiah Taylor,1627819
Cameron Payne,1626166
Devin Robinson,1628421
Devin Cannady,1629962
Kevin Durant,201142
CJ Massinburg,1629747
Lance Thomas,202498
C.J. Williams,203710
Gerald Green,101123
Matur Maker,1629070
Nene,2403
Ray Spalding,1629034
Kyle Alexander,1629734
Davon Reed,1628432
Skyler Flatten,1629967
Bubu Palo,204215
Jalen Adams,1629824
Javon Bess,1629715
Kavell Bigby-Williams,1628448
Darius Miller,203121
Zion Williamson,1629627
Reggie Bullock,203493
V.J. King,1629722
Lamar Peters,1629777
Kenny Wooten,1629624
Bennie Boatwright,1629594
Andre Iguodala,2738
Josh Jackson,1628367
Miles Plumlee,203101
Ivan Rabb,1628397
Quinndary Weatherspoon,1629683
Luka Samanic,1629677
Daulton Hommes,1629756
Devontae Cacok,1629719
Demetrius Jackson,1627743
Marcus Allen,1629305
Andrew Harrison,1626150
Kavion Pippen,1629800
Juan Toscano-Anderson,1629308
Alen Smailagic,1629346
Klay Thompson,202691
Keljin Blevins,1629833
Troy Caupain,1628505
London Perrantes,1628506
Jusuf Nurkic,203994
Tyler Zeller,203092
Bol Bol,1629626
Josh Reaves,1629729
Antonius Cleveland,1628499
Amir Coffey,1629599
Donte Grantham,1629055
B.J. Taylor,1629806
Tahjere McCall,1628769
Armoni Brooks,1629717
Marcus Derrickson,1629094
Jordan Sibert,1626296
Justin Simon,1629779
Milton Doyle,1628495
Adam Mokoka,1629690
Cristiano Felicio,1626245
Simisola Shittu,1629679
Tyus Battle,1628967
Barry Brown,1629956
Cameron Reynolds,1629244
Rayjon Tucker,1629730
Jon Davis,1629860
Isaac Humphries,1629353
Vic Law,1629724
Joe Johnson,2207
Todd Withers,1629270
Donta Hall,1629743
Louis King,1629663
Kobi Simmons,1628424
Robert Franks,1629606
Ahmed Hill,1629759
Jaron Blossomgame,1628417
Jarrod Uthoff,1627784
Abdul Gaddy,203583
Luguentz Dort,1629652
DeVaughn Akoon-Purcell,1629152
Myke Henry,1627988
Eric Moreland,203961
Andre Roberson,203460
Kyle Collinsworth,1627858
William Howard,1629739
Reggie Hearn,203687
Amida Brimah,1628578
Walt Lemon Jr.,1627215
Victor Oladipo,203506
C.J. Wilcox,203912
Kaiser Gates,1629232
Yante Maten,1628999
Jarell Martin,1626185
Marques Bolden,1629716
Sindarius Thornwell,1628414
Daniel Hamilton,1627772
J.P. Macura,1629122
Dylan Windler,1629685
Jeremiah Martin,1629725
Mychal Mulder,1628539
Dusty Hannahs,1628605
Dakota Mathias,1629751
Aric Holman,1629689
Tyler Lydon,1628399
Hollis Thompson,203138
Tyler Ulis,1627755
Jalen Lecque,1629665
Norense Odiase,1629826
David Kramer,1629749
Tariq Owens,1629745
David Stockton,204065
Dedric Lawson,1629664
Perrion Callandret,1629825
Sagaba Konate,1628996
Jaylen Adams,1629121
Luke Maye,1629612
Justin Anderson,1626147
Phil Booth,1629595
Jemerrio Jones,1629203
John Wall,202322
Deng Adel,1629061
John Egbunu,1629786
Josh Perkins,1629616
Joe Chealey,1629147
Amir Hinton,1629609
Trevon Bluiett,1629129
Yudai Baba,1629819
Isaiah Pineiro,1629753
Eric Mika,1628450
Jordan Murphy,1629818
Lindell Wigginton,1629623
James Palmer Jr.,1629615
Terry Larrier,1629097
Thomas Welsh,1629118
Anthony Bennett,203461
Devyn Marble,203906
Hassani Gravett,1629755
JaKeenan Gant,1629721
Jeremy Lin,202391
Jodie Meeks,201975
Andrew Bogut,101106
Shaun Livingston,2733
Jonas Jerebko,201973
Nikola Mirotic,202703
Greg Monroe,202328
Amir Johnson,101161
Jonathon Simmons,203613
Kenneth Faried,202702
Guerschon Yabusele,1627824
Dante Cunningham,201967
Donatas Motiejunas,202700
Quincy Pondexter,202347
Ekpe Udoh,202327
Jerian Grant,1626170
Raymond Felton,101109
Jose Calderon,101181
Zaza Pachulia,2585
Jonathan Gibson,1626780
Darren Collison,201954
Tyreke Evans,201936
Jon Leuer,202720
Deyonta Davis,1627738
Dwyane Wade,2548
Alan Williams,1626210
Shelvin Mack,202714
Tony Parker,2225
John Jenkins,203098
Isaiah Hicks,1628439
Billy Garrett,1628656
Wayne Selden,1627782
Brandon Sampson,1629102
Antonio Blakeney,1628469
Rawle Alkins,1628959
Tyler Dorsey,1628416
Julian Washburn,1627395
Joakim Noah,201149
Jawun Evans,1628393
Bonzie Colson,1629045
Dirk Nowitzki,1717
Devin Harris,2734
Salah Mejri,1626257
Jared Terrell,1629123
Mitchell Creek,1628249
Tyler Cavanaugh,1628463
Corey Brewer,201147
Troy Williams,1627786
Jordan Loyd,1628070
Jerryd Bayless,201573
Johnathan Williams,1629140
Ian Clark,203546
Dairis Bertans,1629541
Jamal Crawford,2037
Jimmer Fredette,202690
RJ Hunter,1626154
Chasson Randle,1626184
Sam Dekker,1626155
Nik Stauskas,203917
Channing Frye,101112
Lance Stephenson,202362
Angel Delgado,1629116
Kosta Koufos,201585
Wesley Johnson,202325
Cody Demps,1628610
Scott Machado,203159
Andre Ingram,201281
Jason Smith,201160
Vincent Edwards,1629053
Terrence Jones,203093
Isaiah Briscoe,1628515
Alex Poythress,1627816
Trevon Duval,1628979
Isaiah Canaan,203477
Luol Deng,2736
Emanuel Terry,1629150
Scotty Hopson,203816
Richard Solomon,204076
Marcin Gortat,101162
Wade Baldwin IV,1627735
Michael Beasley,201563
Alex Abrines,203518
Gary Payton II,1627780
Kalin Lucas,203564
Quincy Acy,203112
Omri Casspi,201956
Malachi Richardson,1627781
James Nunnally,203263
Ron Baker,1627758
Lorenzo Brown,203485
MarShon Brooks,202705
Milos Teodosic,1628462
Nick Young,201156
Keenan Evans,1629037
Jaylen Morris,1628537
Okaro White,1627855
Zach Lofton,1629155
George King,1628994
DJ Stephens,203474
Ike Anigbogu,1628387
Tyler Davis,1629093
JR Smith,2747
Zhou Qi,1627753
Luc Mbah a Moute,201601
John Holland,204066
Zach Randolph,2216
Cameron Oliver,1628419
Chinanu Onuaku,1627778
Billy Preston,1629009
Travis Wear,204037
Jeffrey Carroll,1629050
Angel Rodriguez,1629285
Tim Bond,1629260
Markel Crawford,1629156
Doral Moore,1629078
Darius Johnson-Odom,203130
Jonathan Stark,1629236
Zach Smith,1629146
Yanyuhang Ding,1629142
Xavier Silas,202918
Nick Johnson,203910
Braian Angola-Rodas,1629132
Timofey Mozgov,202389
Thomas Robinson,203080
C.J. Anderson,1629190
Briante Weber,1627362
Raphiael Putney,204192
Rodney Purvis,1628681
Jarnell Stokes,203950
Jeffrey Coby,1629352
Jairus Lyles,1629131
Isaiah Cousins,1627766
Isaac Haas,1629036
Kay Felder,1627770
Jarrett Jack,101127
Alexis Ajinca,201582
Garlon Green,203629
Brandon McCoy,1629000
Darius Morris,202721
DeAndre Liggins,202732
Charles Cooke,1628429
Will Cherry,203805
Elijah Stewart,1629136
Ben Moore,1628500
Omari Johnson,204179
Josh Huestis,203962
Nuni Omot,1629245
Lavoy Allen,202730
Tiwian Kendley,1629186
Johnny Hamilton,1629148
Donald Sloan,202388
Desi Rodriguez,1629184
Shabazz Muhammad,203498
KJ McDaniels,203909
Bryce Alford,1628576
Codi Miller-McIntyre,1629149
Emeka Okafor,2731
Anthony Brown,1626148
Omer Asik,201600
Jaylen Barford,1628965
Isaiah Wilkins,1629145
Levi Randolph,1626260
Darrell Arthur,201589
Rob Gray,1629154
Ismaila Kane,1629226
Joel Berry II,1629137
Marcus Georges-Hunt,1627875
Jeff Roberson,1629166
Nick King,1629165
Jabari Bird,1628444
Chris McCullough,1626191
Jamel Artis,1628503
Cole Aldrich,202332
Malik Newman,1629005
Tyrius Walker,1629246
Marcus Lee,1629159
Trey Lewis,1629163
Justin Bibbs,1629167
David West,2561
Tarik Black,204028
Aaron Jackson,1628935
Kendrick Perkins,2570
Shane Larkin,203499
Jordan Crawford,202348
Lucas Nogueira,203512
Trevor Booker,202344
Al Jefferson,2744
Joe Young,1626202
Jason Terry,1891
Brandon Jennings,201943
Ty Lawson,201951
Ramon Sessions,201196
Nick Collison,2555
Dakari Johnson,1626177
Aaron Brooks,201166
Luke Babbitt,202337
Manu Ginobili,1938
Joffrey Lauvergne,203530
Brandon Paul,203464
Richard Jefferson,2210
Jack Cooley,204022
Nigel Hayes,1628502
Tyler Ennis,203898
Mario Chalmers,201596
Dwight Buycks,202779
Jameer Nelson,2749
Sean Kilpatrick,203930
Arron Afflalo,201167
Marreese Speights,201578
James Webb III,1627821
Julyan Stone,202933
Marcus Paige,1627779
Andrew White III,1628510
Alec Peters,1628409
Aaron Harrison,1626151
Tim Quarterman,1627817
Jeremy Evans,202379
Georgios Papagiannis,1627834
Xavier Munford,204098
Marshall Plumlee,1627850
Jordan Mickey,1626175
Marquis Teague,203104
Larry Drew II,203580
Darrun Hilliard,1626199
Brice Johnson,1627744
Paul Zipser,1627835
Mangok Mathiang,1628493
James Young,203923
Jameel Warney,1627866
Erik McCree,1628571
Isaiah Whitehead,1627785
Derrick Williams,202682
Matt Costello,1627856
Xavier Rathan-Mayes,1628504
Malcolm Delaney,1627098
Jarell Eddie,204067
Brandan Wright,201148
Kyle Singler,202713
Rashad Vaughn,1626173
Trey McKinney-Jones,203590
Markel Brown,203900
Mike James,1628455
Josh McRoberts,201177
Willie Reed,203186
Johnny O'Bryant III,203948
Tony Allen,2754
Luis Montero,1626242
Damien Wilkins,2863
James Michael McAdoo,203949
Bobby Brown,201628
Jacob Wiley,1628451
Vander Blue,203505
Jacob Pullen,1626643
Matt Williams Jr.,1628475
Jamil Wilson,203966
Joel Bolomboy,1627762
Adreian Payne,203940
Vincent Hunter,1626205
Nate Wolters,203489
Jeff Withey,203481
Yakuba Ouattara,1628473
Nicolas Brussino,1627852
Gian Clavell,1628492
Josh Smith,2746
Mindaugas Kuzminskas,1627851
Mirza Teletovic,203141
Carrick Felix,203467
Mike Young,1628454
Ike Iroegbu,1628528
Matt Jones,1628512
Michael Gbinije,1627771
Beno Udrih,2757
Joel Anthony,201202
AJ Hammons,1627773
Tony Mitchell,203183
James Blackmon Jr.,1628511
Kris Humphries,2743
Isaac Hamilton,1628554
Damjan Rudez,204014
Perry Jones III,203103
Cliff Alexander,1626146
Rade Zagorac,1627825
Durand Scott,1628677
Sheldon Mac,1627815
Maalik Wayns,203146
Brandon Ashley,1626165
Terry Henderson,1628516
T.J. Williams,1628494
Luke Petrasek,1628517
Davion Berry,204310
Diamond Stone,1627754
Jaylen Johnson,1628575
Bronson Koenig,1628460
Anthony Morrow,201627
Archie Goodwin,203462
Elijah Millsap,202407
Chris Johnson,203187
George de Paula,1628437
Akil Mitchell,204064
Jeremy Senglin,1628496
Daniel Dixon,1628679
L.J. Peak,1628433
Jonathan Holmes,1626182
Landry Nnoko,1628477
Derek Willis,1628491
Edy Tavares,204002
Semaj Christon,203902
Rashawn Thomas,1628577
Josh Childress,2735
Torian Graham,1628680
Eric Griffin,203547
Marcus Williams,200766
DeQuan Jones,203199
Melo Trimble,1628453
Daniel Ochefu,1627849
LaDontae Henton,1628176
V.J. Beachem,1628431
Stephen Zimmerman,1627757
Brandon Rush,201575
Kendall Marshall,203088
Peter Jok,1628514
Taylor Braun,1628579
Jordan Mathews,1628535
Georges Niang,162777
Andy Rautins,202360
Kyle Wiltjer,1627787
Kennedy Meeks,1628452
Paige Marcus,1962937755
Jeremy Morgan,1628456
Matt Matt,1962937827
Devin Williams,1628241
Alex Hamilton,1628174
Deron Williams,101114
Dahntay Jones,2563
James Jones,2592
Matt Barnes,2440
David Lee,101135
Boris Diaw,2564
Paul Pierce,1718
Alan Anderson,101187
Brandon Bass,101138
Mike Dunleavy,2399
Spencer Hawes,201150
Norris Cole,202708
Kevin Seraphin,202338
Monta Ellis,101145
Rakeem Christmas,1626176
Jordan Hill,201941
Axel Toupane,1626253
Metta World Peace,1897
Patricio Garino,1627868
Ryan Kelly,203527
Mike Miller,2034
Roy Hibbert,201579
Justin Hamilton,203120
Randy Foye,200751
Andrew Nicholson,203094
Gerald Henderson,201945
Shawn Long,1627848
Tiago Splitter,201168
Sergio Rodriguez,200771
Maurice Ndour,1626254
Sasha Vujacic,2756
Brian Roberts,203148
Ronnie Price,101179
C.J. Watson,201228
Larry Sanders,202336
Leandro Barbosa,2571
Manny Harris,202412
Rodney Stuckey,201155
Toney Douglas,201962
Justin Harper,202712
Ben Bentil,1627791
Reggie Williams,202130
Luis Scola,2449
Lamar Patterson,203934
Mike Tobey,1627861
Ray McCallum,203492
Marcus Thornton,201977
Marcelo Huertas,1626273
Jared Sullinger,203096
Anderson Varejao,2760
Steve Novak,200779
Pierre Jackson,203510
Gary Neal,202390
Alonzo Gee,202087
John Lucas III,101249
Arinze Onuaku,202620
Nicolas Laprovittola,1627879
Chris Andersen,2365
Jordan Farmar,200770
Greivis Vasquez,202349
Festus Ezeli,203105
Grant Jerrett,203511
Greg Stiemsma,201880
Yi Jianlian,201146
Keith Hornsby,1627867
Robbie Hummel,203133
Pablo Prigioni,203143
PJ Hairston,203798
Livio Jean-Charles,203520
Rasheed Sulaimon,1627881
Perry Ellis,1627768
Rasual Butler,2446
Toure' Murry,203315
Cat Barber,1627760
Vashil Fernandez,1628041
Drew Crawford,203990
Brady Heslip,204029
Yanick Moreira,1626213
E.J. Singler,203560
Casper Ware,203810
Chris Bosh,2547
Will Bynum,101198
Thomas Walkup,1627843
Shawn Dawson,1627873
Quincy Ford,1627880
Robert Sacre,203135
Lou Amundson,200811
JP Tokoto,1626160
Jaleel Cousins,1627902
Cleanthony Early,203921
Damien Inglis,203996
Henry Sims,203156
Cameron Jones,202841
Phil Pressey,203515
Elliot Williams,202343
Chris Crawford,204039
Orlando Johnson,203111
JJ O'Brien,1626266
Jaleel Roberts,1626294
Trey Freeman,1627887
Cory Jefferson,203928
Mitch McGary,203956
Kaleb Tarczewski,1627818
Chris Wright,202874
Jorge Gutierrez,203268
Chase Budinger,201978
Beau Beech,1627862
Egidijus Mockevicius,1627865
Andrew Andrews,1627882
Nikola Pekovic,201593
Branden Dawson,1626183
Kevin Murphy,203122
Keith Benson,202728
Stefan Jankovic,1627841
Jordan Adams,203919
D'Vauntes Smith-Rivera,1627886
J.J. Avila,1627938
Nikola Jovanovic,1627888
Elton Brand,1882
Nick Zeisloft,1627878
D.J. Kennedy,202810
Eric Dawson,201286
Zach Auguste,1627811
Julian Jacobs,1627829
Dorell Wright,2748
Gracin Bakumanya,1627836
Derek Cooke Jr.,1627496
Elgin Cook,1627765
Scott Wood,1627954
Tony Wroten,203100
Chris Copeland,203142
Mo Williams,2590
Nazr Mohammed,1737
Jason Thompson,201574
Amar'e Stoudemire,2405
Tim Duncan,1495
Kevin Martin,2755
Andre Miller,1889
Chris Kaman,2549
Kirk Hinrich,2550
Tyler Hansbrough,201946
Jeff Ayres,201965
Andrew Goudelock,202726
Charlie Villanueva,101111
Steve Blake,2581
James Anderson,202341
Duje Dukan,1626251
Caron Butler,2406
Tibor Pleiss,202353
Kobe Bryant,977
Bryce Cotton,203955
Jordan Hamilton,202706
Greg Smith,202962
Tayshaun Prince,2419
Shayne Whittington,203963
Matt Bonner,2588
Carl Landry,201171
JJ Hickson,201581
Drew Gooden,2400
Sasha Kaun,201619
Sergey Karasev,203508
Cameron Bairstow,203946
Ryan Hollins,200797
Sonny Weems,201603
Jared Cunningham,203099
Alex Stepheson,1627293
Coty Clarke,1626262
O.J. Mayo,201564
Bryce Dejean-Jones,1626214
DeJuan Blair,201971
Erick Green,203475
Andrea Bargnani,200745
Keith Appling,203951
Kevin Garnett,708
Kostas Papanikolaou,203123
Russ Smith,203893
Chuck Hayes,101236
Nate Robinson,101126
Joshua Smith,1626288
Arsalan Kazemi,203529
Denzel Livingston,1626269
Chris Walker,1626217
Kleon Penn,1626285
Nick Wiggins,204289
Tre Kelley,201645
Greg Whittington,204222
Bo McCalebb,1627322
Jeff Adrien,202399
Yakhouba Diawara,200821
Lazeric Jones,1626272
Sampson Carter,1627258
Nnanna Egwu,1626295
Earl Barron,2853
Danny Granger,101122
Josh Harrellson,202725
Jaron Johnson,204189
Michale Kyser,1626252
Ronald Roberts Jr.,204040
Shannon Scott,1626263
Furkan Aldemir,203128
Scottie Wilbekin,203959
Corey Walden,1626258
Jason Washburn,1626279
Sam Thompson,1626280
CJ Fair,203927
Kadeem Jack,1627292
Wesley Saunders,1626201
DaJuan Summers,201969
Darion Atkins,1626276
Travis Trice II,1626275
Devin Sweetney,202464
Chris Babb,203569
Xavier Henry,202333
Chris Udofia,1627224
Jabari Brown,203913
Jarrid Famous,202820
Samuel Dalembert,2223
Terran Petteway,1626189
Jordan Bachynski,203947
Cartier Martin,201858
Adonis Thomas,203519
Chris Douglas-Roberts,201604
Melvin Ejim,203929
Marcus Simmons,204136
Marcus Landry,202068
Josh Powell,2694
Keifer Sykes,1626208
Deshaun Thomas,203472
Talib Zanna,204075
Michael Qualls,1626180
Dez Wells,1626190
Robert Upshaw,1626193
Will Cummings,1626270
Jeremy Tyler,202719
Dionte Christmas,202091
Austin Daye,201948
Nick Minnerath,1626305
Ryan Boatright,1626207
Chris Daniels,202808
Quincy Miller,203113
Youssou Ndoye,1626304
Oleksiy Pecherov,200762
Corey Hawkins,1626186
Chris Johnson,202419
Juwan Staten,1626219
Kyle Casey,1626271
Terrico White,202358
Matt Janning,202394
Ben Gordon,2732
Marshall Henderson,1626289
Corey Webster,1626290
Jerome Jordan,202366
Jake Anderson,202815
Stefhon Hannah,202513
Martell Webster,101110
Edgar Sosa,1626293
Tony Mitchell,203502
Charlie Westbrook,203586
Jon Horford,1626281
Michael Holyfield,1626261
Nikoloz Tskitishvili,2401
Brendan Haywood,2217
Shawn Marion,1890
Joey Dorsey,201595
Pero Antic,203544
Glen Davis,201175
Lester Hudson,201991
Hedo Turkoglu,2045
Nick Calathes,201979
Earl Clark,201947
Joel Freeland,200777
Bernard James,203108
Gerald Wallace,2222
Gigi Datome,203540
Landry Fields,202361
Willie Green,2584
Luke Ridnour,2557
Reggie Evans,2501
Carlos Boozer,2430
Jamaal Franklin,203479
Henry Walker,201611
Zoran Dragic,204054
Jason Richardson,2202
Shawne Williams,200761
Ricky Ledo,203495
Jeffery Taylor,203106
Jason Maxiell,101131
Jerel McNeal,202077
Sim Bhullar,204021
David Wear,204033
Shavlik Randolph,101183
AJ Price,201985
Alexey Shved,203144
Jerrelle Benimon,203968
Malcolm Thomas,202952
John Salmons,2422
Victor Claver,201964
Kenyon Martin,2030
Andre Dawkins,203958
Ognjen Kuzmic,203136
Tyrus Thomas,200748
Miroslav Raduljica,203545
Alex Kirk,203945
Brandon Davies,203561
Patrick Christopher,203565
Jannero Pargo,2457
Ronny Turiaf,101142
Gal Mekel,203539
Francisco Garcia,101128
Malcolm Lee,202723
Drew Gordon,204079
Patric Young,203942
Sebastian Telfair,2742
Shannon Brown,200769
Andrei Kirilenko,1905
Glen Rice,203318
Nemanja Nedovic,203517
Brock Motum,204026
Diante Garrett,203197
Aaron Craft,203905
Jason Kapono,2574
Mitchell Watt,204030
Trey Johnson,201234
Roscoe Smith,203964
Steve Nash,959
Geron Johnson,204080
Travis Outlaw,2566
Doron Lamb,203117
Ivan Johnson,201274
Chris Singleton,202698
Justin Cobbs,203965
Dallas Lauderdale,203193
Brian Qvale,204041
Arnett Moultrie,203102
Aaron Gray,201189
Kevin Jones,203158
Micheal Eric,203149
Josh Davis,204027
Shane Edwards,202197
Vitor Faverani,203543
Erik Murphy,203513
Christian Watford,204024
Damion James,202345
DJ Mbenga,2788
Orlando Sanchez,204044
Michael Jenkins,204077
Shawn Jones,204053
Marcus Williams,201173
Dexter Pittman,202354
Yuki Togashi,204078
Kyrylo Fesenko,201178
Josh Bostic,202550
Brian Cook,2567
Hasheem Thabeet,201934
Stephen Holt,204071
Solomon Jones,200780
Deonte Burton,203907
Vernon Macklin,202731
Kadeem Batts,204063
Peyton Siva,203491
Ben Hansbrough,203162
Joe Jackson,204061
Casey Prather,204062
Daniel Orton,202350
James Southerland,203480
Kim English,203119
Luke Hancock,204034
Dee Bost,203551
Keith Bogans,2586
Jarvis Varnado,202363
Rashard Lewis,1740
Ray Allen,951
Shane Battier,2203
Greg Oden,201141
Derek Fisher,965
Al Harrington,1733
Earl Watson,2248
Andray Blatche,101154
Jason Collins,2215
Nando De Colo,201986
Jermaine O'Neal,979
Hilton Armstrong,200756
Ronnie Brewer,200758
Mike James,2229
DJ White,201591
Jan Vesely,202686
Anthony Randolph,201576
Byron Mullens,201957
Melvin Ely,2408
Othyus Jeffers,201785
Tornike Shengelia,203129
Royce White,203091
Mustafa Shakur,201203
Andrew Bynum,101115
Eric Maynor,201953
Andris Biedrins,2740
Viacheslav Kravtsov,203139
Gustavo Ayon,202970
Antawn Jamison,1712
Chauncey Billups,1497
Roger Mason Jr.,2427
Royal Ivey,2767
Tyshawn Taylor,203116
Stephen Jackson,1536
Ryan Gomes,101155
Hamady Ndiaye,202380
Chris Smith,203147
Mike Harris,200839
Elias Harris,203548
Kwame Brown,2198
Jamaal Tinsley,2224
Dominic McGuire,201187
Kris Joseph,203126
Mickell Gladness,202148
Romero Osby,203528
Jermaine Taylor,201966
Kenny Kadji,203483
DeSagana Diop,2205
Pops Mensah-Bonsu,200822
CJ Leslie,203466
Ike Diogu,101113
Khalif Wyatt,203579
Rodney Williams,203576
Carlos Morais,203577
Tony Gaffney,202070
Gani Lawal,202371
Stephen Graham,101211
Andre Barrett,2857
Damen Bell-Holter,203568
Kammron Taylor,202518
Daniel Nwaelele,203327
Michael Lee,203588
Devin Ebanks,202365
Fab Melo,203097
Mickey McConnell,203566
Renaldo Balkman,200764
Patrick O'Bryant,200753
Mac Koshwal,203262
Courtney Fells,203587
Gary Forbes,201814
Trent Lockett,203556
D'or Fischer,101217
Olek Czyz,203589
Kyle Fogg,203176
Corey Maggette,1894
Marcus Cousin,202408
Myck Kabongo,203509
Marko Jaric,2060
Ron Howard,201351
DeShawn Sims,202586
Richard Howell,203494
Dwayne Jones,101204
Brandon Heath,201635
David Lighty,203558
Lazar Hayward,202351
Mustapha Farrakhan,203201
Eric Boateng,202420
Dan Gadzuric,2429
Tracy McGrady,1503
Sam Young,201970
Juwan Howard,436
Keyon Dooling,2039
Donte Greene,201590
Jason Kidd,467
Marcus Camby,948
Quentin Richardson,2047
Richard Hamilton,1888
Daequan Cook,201161
Vladimir Radmanovic,2209
James White,200778
Jerry Stackhouse,711
Johan Petro,101130
DeShawn Stevenson,2052
Tim Ohlbrecht,203317
Lamar Odom,1885
Grant Hill,255
Terrence Williams,201944
Chris Wilcox,2404
Carlos Delfino,2568
Marquis Daniels,2605
Chris Duhon,2768
Sasha Pavlovic,2562
Jared Jeffries,2407
Nolan Smith,202701
Hamed Haddadi,201632
Joel Przybilla,2038
Mickael Gelabale,101153
Terrel Harris,202227
Josh Akognon,203006
Charles Jenkins,202724
Daniel Gibson,200789
Chris Quinn,200809
Linas Kleiza,101132
Mickael Pietrus,2554
Rasheed Wallace,739
Luke Walton,2575
Justin Dentmon,202458
Jeremy Pargo,202951
Chris Wright,203203
Rodrigue Beaubois,201958
Kurt Thomas,703
Travis Leslie,202727
Dominique Jones,202346
Luke Zeller,202545
Hakim Warrick,101124
Tyler Honeycutt,202715
Josh Selby,202729
Samardo Samuels,202396
Josh Howard,2572
Cory Higgins,202809
Troy Murphy,2211
Darko Milicic,2545
Matt Carroll,2679
Will Conroy,101215
Brandon Roy,200750
Luke Harangody,202376
Eddy Curry,2201
JaJuan Johnson,202707
Steven Gray,203160
Alando Tucker,201169
Flip Murray,2436
Ronald Dupree,2648
Marqus Blakely,202392
Hank Thorns,203180
Rodney Carney,200760
Delonte West,2753
John Shurna,203157
Mychel Thompson,202814
Ryan Allen,203206
Carlon Brown,203185
Lance Goulbourne,203164
Tarence Kinsey,200814
Adam Morrison,200747
Coby Karl,201207
Demonte Harper,203192
Darnell Jackson,201616
Trent Plaisted,201610
Micah Downs,203190
Rob Kurz,201633
Devin Searcy,203204
Armon Johnson,202356
Derrick Brown,201974
Orien Greene,101158
Blake Ahearn,201336
Oscar Bellfield,203155
Stephen Dennis,202417
Luke Nevill,202075
Sundiata Gaines,202178
Solomon Alabi,202374
Robert Dozier,201993
Jonny Flynn,201938
Kyle Weaver,201602
Michael Dunigan,203195
Carleton Scott,203163
James Mays,201651
Anthony Carter,1853
Josh Akognon,203191
Eddie Gill,2109
Walker Russell,201041
Reeves Nelson,203153
Ronnie Aguilar,203196
Jamar Smith,202446
Ben Uzoh,202386
Wesley Witherspoon,203178
Andre Emmett,2765
Greg Somogyi,203154
Brian Butch,202221
Trey Gilder,201821
Tyler Wilkerson,203174
Carldell Johnson,201291
Isma'il Muhammad,200894
Kelenna Azubuike,101235
Kevin Anderson,203198
Sean Williams,201157
Tony Battie,1499
Craig Brackins,202342
Bobby Simmons,2250
Trey Thompkins,202717
Gilbert Arenas,2240
Brian Scalabrine,2243
Erick Dampier,956
Christian Eyenga,201963
Mike Bibby,1710
Von Wafer,101144
Raja Bell,1952
Baron Davis,1884
Brian Cardinal,2073
Jerome Dyson,202406
Darryl Watkins,201208
Courtney Fortson,202622
Diamon Simpson,202067
Jordan Williams,202716
Shelden Williams,200749
Jamaal Magloire,2048
Derrick Byars,201182
Mikki Moore,1630
Craig Smith,200783
Brad Miller,1802
Anthony Parker,1515
Jamario Moon,200081
Morris Almond,201165
James Singleton,101189
Maurice Evans,2230
Jon Brockman,201972
Ben Wallace,1112
Michael Redd,2072
Earl Boykins,1863
Rudy Fernandez,201164
Semih Erden,201623
Dennis Horner,202862
Eduardo Najera,2059
Edwin Ubiles,202775
Jerry Smith,202536
Andres Nocioni,2804
Jeff Foote,202880
Jeff Foster,1902
Mehmet Okur,2246
Ryan Reid,202385
T.J. Ford,2551
Francisco Elson,1922
Josh Davis,2668
Larry Hughes,1716
Larry Owens,202082
Darington Hobson,202359
Garret Siler,202081
Brian Skinner,1730
Magnum Rolle,202375
Pape Sy,202377
Durrell Summers,202872
Taylor Griffin,201981
Bonzi Wells,1719
Frank Hassell,202912
Gilbert Brown,202904
Jamal Sampson,2441
Michael Sweetney,2552
Walter Sharpe,201594
Devin Green,101209
Ime Udoka,2137
Damien Wilkins,1962936495
Vernon Macklin,122683568
Matt Rogers,202418
Tyren Johnson,202792
Drew Neitzel,202957
Jerome Randle,202963
Marcus Hubbard,201647
Jeremy Wise,202217
JamesOn Curry,201191
Antoine Hood,200852
Doug Thomas,201230
Gary Flowers,202956
Julian Khazzouh,202961
Tim Pickett,2773
Tommy Mitchell,202959
Tommy Smith,2596
Adrian Oliver,202935
Lawrence Hill,202797
Brian Hamilton,201266
Tristan Thompson,202770
Jan Vesely,1962936483
Brian Skinner,1962936489
Josh Davis,201820
David Andersen,2431
Moses Ehambe,201792
Darnell Lazare,202175
Peja Stojakovic,978
Eddie House,2067
Zydrunas Ilgauskas,980
Leon Powe,200796
Nenad Krstic,2420
Carlos Arroyo,2306
Shaquille O'Neal,406
Joe Smith,693
Antonio McDyess,686
Malik Allen,2124
Patrick Ewing,201607
Antonio Daniels,1498
Etan Thomas,2041
Theo Ratliff,689
Al Thornton,201154
Charlie Bell,2294
Willie Warren,202378
Zabian Dowdell,202220
Derrick Caracter,202382
Pooh Jeter,200817
Mario West,201238
Julian Wright,201153
James Posey,1899
Darius Songaila,2443
Joey Graham,101121
Acie Law,201151
Quinton Ross,2624
Jarron Collins,2260
Luther Head,101129
Jason Williams,1715
Sean Marks,1752
Sherron Collins,202395
Jawad Williams,101214
Morris Peterson,2050
Antoine Wright,101120
Marcus Banks,2556
Maurice Ager,200772
Yao Ming,2397
Fabricio Oberto,101177
Curtis Jerrells,201998
Joe Alexander,201570
Stephane Lasme,201186
Darius Miles,2032
DJ Strawberry,201199
Adam Haluska,201183
Dee Brown,200793
Vernon Hamilton,201649
Drew Naymick,202404
Aaron Miles,101223
Raymond Sykes,202074
Kenny Hasbrouck,202238
Evan Brock,202410
Ricardo Marsh,202409
Richard Delk,202411
Stanley Robinson,202383
Chris Kramer,202423
Ryan Thompson,202421
Demetris Nichols,201193
Roger Powell,101232
Jason Hart,2078
James Gist,201620
Javaris Crittenton,201159
Lance Allred,200984
Connor Atchley,202213
Joe Crawford,201621
Longar Longar,201848
Kevin Palmer,202402
Antonio Anderson,202079
Vernon Goodridge,202393
Chucky Atkins,1088
Anthony Mason,202400
Luke Jackson,2739
Jake Voskuhl,2063
Jon Scheyer,202416
Kirk Penney,2632
Cedric Jackson,202132
Kenny Thomas,1903
Dee Brown,244
Alexander Johnson,200792
Loren Woods,2254
Michael Finley,714
Anthony Johnson,1533
Randolph Morris,201043
Primoz Brezec,2056
Kevin Ollie,1563
Chris Richard,201181
Devin Brown,2484
Travis Diener,101143
J.R. Giddens,201592
Jonathan Bender,1886
Rasho Nesterovic,1725
Mardy Collins,200776
Chris Hunter,201805
Devean George,1904
Josh Boone,200767
Trenton Hassell,2239
Oliver Lafayette,201802
Sean May,101118
Malik Hairston,201612
Jarvis Hayes,2553
Adonal Foyle,1502
Nathan Jawai,201605
Steven Hunter,2212
Rafer Alston,1747
Allen Iverson,947
Ricky Davis,1729
Lindsey Hunter,283
Speedy Claxton,2049
Tim Thomas,1501
Marcus Haislip,2409
Mike Wilks,2366
Othello Hunter,201629
Roko Ukic,101146
Ryan Bowen,1763
Kareem Rush,2416
Paul Davis,200781
Desmond Mason,2046
Deron Washington,201622
Linton Johnson,2669
Mike Taylor,201446
Will Blalock,200807
Dontell Jefferson,200971
Jared Reiner,2876
Thomas Kelati,202076
Courtney Sims,201235
Vincent Grier,200813
Romel Beck,200575
Goran Suton,201983
Anthony Roberson,101194
Quincy Douby,200763
Carlos Powell,201225
Dan Dickau,2424
Brandon Bowman,200847
Spencer Nelson,101208
Leon Rodgers,202078
Maceo Baston,1766
Russell Robinson,201781
Shaun Pruitt,202065
Lawrence Roberts,101160
Rod Benson,200918
Wesley Matthews,1962936250
Juan Dixon,2413
Michael Ruffin,1913
Frank Robinson,201648
Dontaye Draper,202069
Michael Fey,202071
David Monds,201776
Sean Singletary,201606
Thomas Gardner,201242
Dionte Christmas,1962936270
Lanny Smith,201831
Warren Carter,201999
Bennet Davis,201834
Brian Hamilton,201646
Wesley Matthews,500032
Gabe Vincent,1629216
Matt Mooney,1629760
Paul Watson,1628778
Kevin Hervey,1628987
Wally Szczerbiak,1887
Tyronn Lue,1731
Brent Barry,699
Stephon Marbury,950
Gabe Pruitt,201172
Jeremy Richardson,200978
Donyell Marshall,923
Bruce Bowen,1477
Jacque Vaughn,1521
Brevin Knight,1510
Matt Harpring,1723
Walter Herrmann,200835
Dikembe Mutombo,87
Mouhamed Sene,200754
Bobby Jackson,1517
Rashad McCants,101119
Cedric Simmons,200759
Calvin Booth,1916
Mark Madsen,2058
Stromile Swift,2031
Malik Rose,990
Fred Jones,2410
Alex Acker,101165
Mark Blount,1548
Greg Buckner,1761
Damon Jones,1800
Lorenzen Wright,953
Robert Swift,2741
DeMarcus Nelson,201634
Will Solomon,2226
Cheikh Samb,200798
Jermareo Davidson,201176
Chris Mihm,2036
Sun Sun,201180
Sam Cassell,208
Jerome James,1744
Austin Croshere,1506
Steve Francis,1883
Hassan Adams,200801
Steven Hill,201631
Antoine Walker,952
Cuttino Mobley,1749
Desmon Farmer,2824
Andre Brown,2810
Julius Hodge,101125
Salim Stoudamire,101136
JaJuan Smith,201650
Jelani McCoy,1741
Robert Hite,200823
CJ Giles,201636
Justin Williams,200818
Mateen Cleaves,2043
Nick Fazekas,201174
Ruben Patterson,1739
Smush Parker,2470
Dan Grunfeld,201643
Antywane Robinson,201015
Charles Rhodes,201652
Reyshawn Terry,201184
Justin Williams,200962
DerMarr Johnson,2035
Richard Hendrix,201613
Matt Freije,2782
Cheyne Gadson,200390
Charles Gaines,200510
Andre Brown,201005
Gabe Muoneke,2508
Gerry McNamara,201657
Kevin Lyde,2677
Curtis Sumpter,201641
Jared Jordan,201185
Chris Alexander,101243
David Padgett,201624
Jamaal Tatum,201249
Gabe Muoneke,201342
Gerry McNamara,201019
Bobby Jones,200784
Noel Felix,101230
Rafael Araujo,2737
Kevin Kruger,201226
Donell Taylor,101182
Darius Washington,200827
Elton Brown,200857
David Noel,200786
Dion Dowell,201630
Adrian Griffin,1559
Malick Badiane,2587
Taj McCullough,201642
Coleman Collins,201653
Brent Petway,201237
Kai Zhang,201654
TJ Cummings,200555
Eddie Basden,101188
Omar Barlett,201644
Ira Newble,1956
P.J. Brown,136
Robert Horry,109
Damon Stoudamire,757
Billy Thomas,2873
Pat Garrity,1727
James Augustine,200788
Gordan Giricek,1921
Eric Piatkowski,15
Eddie Jones,224
Aaron Williams,1425
Kirk Snyder,2745
Awvee Storey,2852
Michael Doleac,1720
Juan Carlos Navarro,2434
Casey Jacobsen,2418
Bostjan Nachbar,2411
Darrell Armstrong,353
Kasib Powell,2867
Derek Anderson,1507
Othella Harrington,970
David Harrison,2758
Andre Owens,101261
Raef LaFrentz,1711
Kosta Perovic,200785
Chris Webber,185
Taurean Green,201192
Darrick Martin,239
Eric Snow,727
Kaniel Dickens,2079
Alonzo Mourning,297
Scot Pollard,1513
Jeff McInnis,976
Marcus Vinicius,200790
Viktor Khryapa,2751
Guillermo Diaz,200799
Richie Frahm,2499
Keith Langford,101247
Troy Hudson,1607
Anfernee Hardaway,358
Shareef Abdur-Rahim,949
Bo Outlaw,448
Jorge Garbajosa,200816
Brandon Wallace,201204
David Wesley,133
Justin Reed,2770
Yaroslav Korolev,101117
Steven Smith,200848
Sammy Mejia,201197
Jackie Manuel,200849
Brian Chase,200856
Marcus Slaughter,201201
Kris Lang,2646
Lukasz Obrzut,201236
Darvin Ham,1032
Jared Newson,201232
Mike Hall,200837
Chris Ellis,200951
Herbert Hill,201195
Jared Homan,201243
Jermaine Jackson,1983
Jackie Butler,2866
Andre Patterson,201001
Larry Turner,201213
Jameel Watkins,2136
Darius Rice,2827
Jumaine Jones,1908
Mile Ilic,101148
Anthony Lever-Pedroza,101256
Tierre Brown,2357
Damone Brown,2245
Donnell Harvey,2051
Allan Houston,275
Brad Stricker,201240
Stacey Augmon,278
John Edwards,2823
Tony Massenburg,763
Pat Burke,2469
JR Pinnock,200805
Deji Akindele,101224
Adam Parada,2847
Brandon Robinson,200583
Nik Caner-Medley,201231
Rashid Byrd,201239
Torrell Martin,201227
Kimani Ffriend,2386
Esteban Batista,101212
Anthony Richardson,201248
Chet Mason,200557
Jamon Lucas,201251
Willie Deane,201252
Joseph Blair,974
Gerald Fitch,2809
Wayne Simien,101134
Dale Davis,905
Jalen Rose,147
Clifford Robinson,361
Sarunas Jasikevicius,101180
Bernard Robinson,2774
Vassilis Spanoulis,2779
Jake Tsakalidis,2054
Kevin Willis,788
Shammond Williams,1742
Gary Payton,56
Keith McLeod,2693
Rawle Marshall,101185
Marc Jackson,1531
Daniel Ewing,101137
Randy Livingston,988
Danny Fortson,1504
Luke Schenscher,101195
Junior Harrington,2454
Bracey Wright,101152
Vitaly Potapenko,958
Corliss Williamson,722
Allan Ray,200810
Lynn Greer,2696
Damir Markota,200806
Kelvin Cato,1509
Alan Henderson,673
Uros Slokar,101166
Pape Sow,2776
Slava Medvedenko,2098
Kevinn Pinkney,200838
Aaron McKie,243
Zeljko Rebraca,1442
Michael Olowokandi,1709
Scott Padgett,1909
Eddie Griffin,2204
Eric Williams,677
James Lang,2591
Doug Christie,57
Renaldo Major,200970
Alvin Williams,1541
Dijon Thompson,101159
Maurice Taylor,1508
Andreas Glyniadakis,2601
Chris McCray,200840
Cedric Bozeman,200841
Ivan McFarlin,200829
Dajuan Wagner,2402
Vin Baker,452
Ha Ha,2775
Kevin Burleson,101207
Martynas Andriuskevicius,101149
Hiram Fuller,2673
Matt Walsh,101190
Ryan Humphrey,2415
Zendon Hamilton,1985
Milone Clark,200858
Paul Miller,200859
Rick Brunson,1594
Luis Flores,2784
Charles Lee,200830
Jamar Smith,200815
Melvin Sanders,2684
Antonio Burks,2766
Ndudi Ebi,2569
Lamond Murray,441
Milt Palacio,1960
Tyrone Ellis,200863
Jay Williams,2398
Dawan Robinson,200845
Zarko Cabarkapa,2560
Scooter McFadgon,200862
Olu Famutimi,101253
Rich Melzer,2822
Michaela Pavlickova,100686
Michelle Snow,100729
Jimmie Hunter,2111
Paul Shirley,2321
Akin Akingbala,200836
Kevin Pittsnogle,200819
Daniel Horton,200812
Donta Smith,2764
Matt Haryasz,200825
Davin White,200844
Rick Rickert,2598
Sean Lampley,2253
Cezary Trybanski,2456
LaVell Blanchard,200843
Denham Brown,200787
Rob Griffin,200842
Pat Carroll,200828
Brandon Hunter,2599
Ondrej Starosta,200853
Kenny Adeleke,200846
Laron Profit,1919
Joe Shipp,200517
Shandon Anderson,1000
Keith Van Horn,1496
Brian Grant,258
Tony Delk,960
Nick Van Exel,89
Walter McCarty,962
John Thomas,1519
Zoran Planinic,2565
Jim Jackson,754
Toni Kukoc,389
Jiri Welsch,2412
Ervin Johnson,911
Howard Eisley,458
Boniface Ndong,101238
Maciej Lampe,2573
Moochie Norris,983
Marcus Fizer,2033
Arvydas Macijauskas,101178
Voshon Lenard,702
Calbert Cheaney,384
Greg Ostertag,731
Pavel Podkolzin,2750
Anthony Grundy,101219
Qyntel Woods,2417
Derrick Zimmerman,2583
Michael Bradley,2214
Lonny Baxter,2437
Jackson Vroman,2761
Sergei Monia,2752
Reece Gaines,2558
Robert Whaley,101156
Antonio Davis,213
Mario Kasun,2435
Bryon Russell,935
Charles Smith,1520
Jon Barry,468
James Thomas,2839
Terence Morris,2242
Chris Taft,101147
Peter John Ramos,2762
Lee Nailon,1924
Randy Holcomb,2450
Sean Banks,101252
Samaki Walker,955
Sharrod Ford,101213
Kevin Pritchard,340
Alex Scales,2637
Anthony Goldwire,924
Deng Gai,101184
Jamal Mashburn,469
Curtis Borchardt,2414
Jahidi White,1751
Obinna Ekezie,1918
Lionel Chalmers,2763
Corey Williams,101258
Toree Morris,101259
Bernie Bickerstaff,813
Tony Bobbitt,2800
Alex Garcia,2682
Jamison Brewer,2249
Otis George,101239
Steven Barber,2841
Scott Skiles,1654
Justin Davis,101225
Ray Young,2674
Rodney White,2206
Yuta Tabuse,2657
Mark Ayotte,2148
Violet Palmer,1185
Luis Grillo,1165
Jeff Van Gundy,1297
Eric Chenowith,2251
Antonio Meeking,2697
Eric Sandrin,101257
Adam Chubb,101250
Arthur Johnson,2865
Ben Handlogten,1052
Ricky Shields,101251
Ruben Boumtje-Boumtje,2257
Ajani Williams,2854
Lucas Tischer,101186
Jason Capel,101242
Nigel Dixon,2833
Theron Smith,2604
Steve Castleberry,101255
Bryant Matthews,101260
Robert Pack,123
Fred Vinson,1844
Mark Pope,998
Erik Daniels,2845
Mamadou N'diaye,2055
Kennedy Winston,101227
Filiberto Rivera,101245
Ken Johnson,2256
Troy Bell,2559
Sam Clancy,2439
Cory Violette,101262
Todd Day,103
Marcus Campbell,101216
Matt Nelson,101226
Kyle Bailey,101228
Herve Lamizana,101254
Jason Collier,2044
Mark Strickland,1110
Mark Karcher,2077
Felipe Lopez,1732
Erick Strickland,1065
Mengke Bateer,2370
Kevin Braswell,101240
Elden Campbell,922
Glenn Robinson,299
Steven Smith,120
Christian Laettner,363
Shawn Bradley,762
Reggie Miller,397
Anthony Peeler,324
Bob Sura,682
Clar. Weatherspoon,221
Lawrence Funderburke,1444
Wesley Person,445
Rodney Rogers,915
Travis Best,696
Rodney Buford,1934
Jabari Smith,2074
Mark Jones,2891
Tom Gugliotta,339
Predrag Drobnjak,1542
Michael Stewart,1565
George Lynch,248
Robert Traylor,1714
Lucious Harris,446
Omar Cook,2241
Vlade Divac,124
Horace Jenkins,2798
Cory Alexander,724
Torraye Braggs,1765
Jerome Williams,966
Bruno Sundov,1743
Latrell Sprewell,84
Fred Hoiberg,697
Daniel Santiago,2091
Wang Zhi-zhi,1917
Dion Glover,1901
Maurice Baker,2486
Kenny Anderson,72
Frank Williams,2421
Andrew DeClercq,692
Ron Mercer,1500
Scott Williams,281
Rod Strickland,393
Jerome Moiso,2040
Raul Lopez,2221
Kedrick Brown,2208
Kerry Kittles,954
Ibrahim Kutluay,2825
Courtney Alexander,2042
Michael Curry,688
Brandin Knight,2688
Corsley Edwards,2451
Kendall Gill,383
Aleksandar Radojevic,1893
Ansu Sesay,1738
Charlie Ward,369
Geno Carlisle,2367
Tamar Slay,2447
Tremaine Fowlkes,1762
Britton Johnsen,2639
Derrick Coleman,934
Anthony Miller,292
Romain Sato,2781
Alton Ford,2228
David Bluthenthal,2802
Ricky Minard,2777
Marcus Hatten,2618
Jason Sasser,987
Rashad Wright,2787
Brandon Williams,1585
Juaquin Hawkins,1038
Trajan Langdon,1892
Vladimir Stepania,1735
Jason Miskiri,1954
Jerome Beasley,2602
Derrick Dial,1760
Galen Young,1929
Derek Hood,1967
Marque Perry,2855
Tracy Murray,145
Blake Stepp,2786
David Hawkins,2835
Nate Williams,2826
Brandon Armstrong,2220
Mitchell Butler,348
Anwar Ferguson,2850
Tony Bland,2849
Ike Nwankwo,1636
Jerry Dupree,2859
Nate Johnson,2808
Neil Yanke,2832
Rick Fox,296
Karl Malone,252
Oliver Miller,932
Gary Trent,718
Maurice Carter,2466
Mark Jackson,349
Dana Barros,344
Amal McCaskill,1043
Sean Rooks,399
Corie Blount,916
Robert Archibald,2425
Desmond Ferguson,2724
J.R. Bremer,2452
Avery Johnson,422
Popeye Jones,461
Chris Crawford,1544
Travis Hansen,2580
Ernest Brown,2081
John Wallace,961
Jeff Trepagnier,2244
Doug Overton,77
Chris Jefferies,2423
Eddie Robinson,1944
Leon Smith,1910
Charles Oakley,891
Chris Whitney,43
Hubert Davis,93
Horace Grant,270
Bimbo Coles,902
Rusty LaRue,1601
Desmond Penigar,2667
Chris Mills,168
Bryce Drew,1724
Keon Clark,1721
Scottie Pippen,937
Paul Grant,1514
Slavko Vranes,2582
Glen Rice,779
John Amaechi,680
Olden Polynice,178
Monty Williams,42
Cherokee Parks,685
Quincy Lewis,1900
Dan Langhi,2061
Tyrone Hill,238
Shane Heal,1049
Carl English,2606
Michael Smith,63
Peter Cornell,1969
Chris Carr,713
Justin Hamilton,2636
Ronald Blackshear,2672
Travis Knight,969
A.J. Guyton,2062
Tang Hamilton,2347
Jon Stefansson,2629
Tariq Abdul-Wahad,1505
Rick Apodaca,2644
Nick Sheppard,2135
Joe Crispin,2343
Robb Dryden,2271
David Jackson,2683
Jason Jennings,2438
Richard Jeter,2660
Shelton Jones,2652
Ademola Okulaja,2144
Demetrius Alexander,2650
Jermaine Boyette,2651
Lavor Postell,2068
